q1,occupation=TechnicalWorker,age=4587
q2,name=Letia,address=20147BERNA,occupation=PharmacyAide
q3,id=506,address=20128LAMALFAU
q4,id=676,occupation=PharmacyAide,age=7755
q5,occupation=TechnicalWorker,age=8150
q6,occupation=PharmacyAide,id=972,address=20121SACCHIG
q7,occupation=AnimalTrainer,age=2412,address=20134DARDANONIG,name=Maya
q8,id=895,name=Tameshia,occupation=PharmacyAide,age=208,address=20133CLERICETTIC
q9,id=415,address=20156AILANTI
q10,address=20122SERBELLONIG,age=4368,occupation=AirlinePilot,id=447,name=Sequoia
q11,occupation=PharmacyAide,address=20122REGGIO,id=59,age=7496,name=Megham
q12,occupation=BillingandPostingClerk,age=8284
q13,occupation=BillingandPostingClerk,age=3135,name=Janne,address=20121ROVELLO
q14,occupation=BillingandPostingClerk,age=2188,name=Shakina,id=71,address=20151APPENNINI
q15,occupation=BillingandPostingClerk,name=Creig,address=20121PARCONORDSEMPIONE
q16,occupation=PharmacyAide,id=461,name=Aaren
q17,occupation=AnimalTrainer,address=20156NANSENFRIDTJOF,age=4960
q18,occupation=TechnicalWorker,age=3255
q19,occupation=BillingandPostingClerk,age=918,name=Meggen,address=20122AUGUSTO
q20,occupation=AirlinePilot,id=470,address=20137VALBOGNA
q21,occupation=AirlinePilot,id=377,age=6196,name=Kailene,address=20138SALOMONEO
q22,occupation=PharmacyAide,address=20146BARZILAI5,id=201,age=4309,name=Jennalee
q23,occupation=AnimalTrainer,name=Cecille,age=2255
q24,occupation=AnimalTrainer,address=20141PASINETTIA,age=868,id=888,name=Taura
q25,occupation=AirlinePilot,address=20129FRANKLINB,id=982,age=739,name=Canisha
q26,occupation=BillingandPostingClerk,age=1617,address=20146FAVRETTOG,id=675,name=Taren
q27,occupation=BillingandPostingClerk,id=252,age=9338
q28,occupation=AnimalTrainer,name=Javell,age=4234,id=884,address=20139AMPOLA
q29,occupation=AnimalTrainer,address=20142MANFREDONIA,age=3119
q30,occupation=BillingandPostingClerk,age=8453
q31,occupation=TechnicalWorker,age=7913,address=20129SIRTORIG
q32,occupation=AnimalTrainer,address=20162PESCANTINA
q33,occupation=AnimalTrainer,address=20121SIMPLICIANO5
q34,occupation=AnimalTrainer,address=20124SAURON,age=2073,name=Clarance,id=900
q35,occupation=AnimalTrainer,id=802
q36,occupation=TechnicalWorker,age=1298,id=867,address=20151ALDOBRANDINI,name=Mikael
q37,occupation=BillingandPostingClerk,age=5369
q38,occupation=BillingandPostingClerk,age=4873,address=20151CHIARELLIL,name=Ludivina,id=993
q39,occupation=BillingandPostingClerk,name=Andren,id=416,age=2999,address=20131INGEGNOLIF
q40,occupation=TechnicalWorker,age=9847
q41,occupation=AirlinePilot,name=Robb
q42,occupation=PharmacyAide,name=Nash,id=212,address=20121BERETTAA,age=950
q43,occupation=PharmacyAide,address=20157GRAFA,name=Desa
q44,occupation=TechnicalWorker,age=3416,id=522,address=20156JONAE,name=Godfrey
q45,occupation=PharmacyAide,id=927
q46,occupation=TechnicalWorker,address=20153MONTEBALDO,age=8470,name=Gisselle
q47,occupation=PharmacyAide,address=20139CALABIANAArcivescovo,name=Artrice,age=2247
q48,occupation=PharmacyAide,name=Taren,age=8370,address=20122SFRANCESCODASSISI,id=890
q49,occupation=AnimalTrainer,address=20122GRASSIP,id=139,age=7904
q50,occupation=PharmacyAide,name=Devi,age=7945
q51,occupation=PharmacyAide,id=925,address=20122MANARAL,age=9414,name=Laurel
q52,occupation=BillingandPostingClerk,id=414,name=Kriselda,address=20138AVIAZIONE
q53,occupation=TechnicalWorker,age=1410,id=167,name=Norelle,address=20141CASCINABELCASULE
q54,occupation=BillingandPostingClerk,age=540
q55,occupation=TechnicalWorker,id=409,address=20151CAMBI,age=6679,name=Israel
q56,occupation=PharmacyAide,id=302
q57,occupation=BillingandPostingClerk,age=8622,name=Mikhael
q58,occupation=BillingandPostingClerk,name=Edwyn
q59,occupation=AirlinePilot,id=516
q60,occupation=AirlinePilot
q61,occupation=AnimalTrainer
q62,occupation=BillingandPostingClerk,address=20152FUNIA
q63,occupation=TechnicalWorker,address=20131MARTINIPadreGB,id=458,age=7132
q64,occupation=TechnicalWorker,age=1117,name=Deepa,id=919,address=20152VALDINTELVI
q65,occupation=AnimalTrainer,name=Rina,address=20147VIOLE
q66,occupation=AnimalTrainer
q67,occupation=AirlinePilot
q68,occupation=AnimalTrainer,id=24,name=Blakely
q69,occupation=AirlinePilot,age=6230
q70,occupation=PharmacyAide,age=7326,name=Josi
q71,occupation=AnimalTrainer,age=1571,id=45
q72,occupation=PharmacyAide,name=Nita,id=935,address=20142BOFFALORA
q73,occupation=TechnicalWorker,name=Taree,age=4790,id=26
q74,occupation=AnimalTrainer,address=20133MASOTTOU,id=541,name=Marlys
q75,occupation=BillingandPostingClerk,age=9531,address=20155BRIGHENTICEM,name=Arionne,id=61
q76,occupation=BillingandPostingClerk,id=183,name=Jiovanni
q77,occupation=PharmacyAide,name=Britten
q78,occupation=TechnicalWorker,id=355,name=Cherissa,address=20151URUGUAY,age=2561
q79,occupation=AnimalTrainer,name=Undra,id=754,age=2454,address=20148BASSIM
q80,occupation=AirlinePilot,name=Latoyia,id=502,age=4610,address=20135TRENTO
q81,occupation=AirlinePilot,age=6230
q82,occupation=AirlinePilot,age=1079
q83,occupation=PharmacyAide,address=20144ISCHIA,id=559,name=Kayla
q84,occupation=AirlinePilot,address=20158GUICCIARDI0,name=Rheanne
q85,occupation=BillingandPostingClerk,age=3265,name=Lizette,address=20134CORELLIA,id=399
q86,occupation=TechnicalWorker,age=154,address=20156MONTEALTISSIMO,name=Myia
q87,occupation=TechnicalWorker,age=1298,id=867
q88,occupation=PharmacyAide,id=542,age=9761
q89,occupation=PharmacyAide,name=Nellie
q90,occupation=AnimalTrainer,age=7451,name=Mikala,id=278,address=20133CAMPANIA
q91,occupation=BillingandPostingClerk,age=968
q92,occupation=BillingandPostingClerk,id=914,age=8712
q93,occupation=BillingandPostingClerk
q94,occupation=AnimalTrainer,address=20131CAMERINIE,age=6386,name=Alta
q95,occupation=PharmacyAide,age=4516,id=81
q96,occupation=PharmacyAide,id=935
q97,occupation=AnimalTrainer,age=3387,id=367
q98,occupation=BillingandPostingClerk,id=875
q99,occupation=AirlinePilot,address=20131MANCINELLIL,name=Savhanna,age=4785,id=345
q100,occupation=AirlinePilot,age=4684
q101,occupation=BillingandPostingClerk,name=Seamus
q102,occupation=BillingandPostingClerk,name=Emmanuell
q103,occupation=BillingandPostingClerk,id=650,age=5905,name=Valecia,address=20152CRETA
q104,occupation=AirlinePilot,age=4899,address=20125SOVERATO
q105,occupation=TechnicalWorker,id=738
q106,occupation=TechnicalWorker,address=20145SOFOCLE,age=36
q107,occupation=TechnicalWorker,age=3416,id=522
q108,occupation=AnimalTrainer,id=489,address=20124SABAUDIA
q109,occupation=AirlinePilot,id=855
q110,occupation=PharmacyAide,name=Kensey,age=8694
q111,occupation=PharmacyAide,name=Aida
q112,occupation=AnimalTrainer,id=190
q113,occupation=PharmacyAide,address=20122DUSEE,id=818,age=7519,name=Michella
q114,occupation=TechnicalWorker,id=762,age=9586,address=20139CORTINADAMPEZZO
q115,occupation=PharmacyAide,id=917,address=20126PORTOCORSINI,age=2070
q116,occupation=PharmacyAide,id=966,name=Jerrit,address=20161MARTINAZZOLIA
q117,occupation=AirlinePilot,age=3470,id=90,name=Shamere
q118,occupation=TechnicalWorker,address=20131FALLOPPIOG,age=5868,id=109,name=Glyn
q119,occupation=AirlinePilot,age=3539,id=403
q120,occupation=AirlinePilot,age=6961,address=20144VEPRA,name=Nicaela
q121,occupation=BillingandPostingClerk,name=Valentin,age=2419
q122,occupation=TechnicalWorker,id=823
q123,occupation=AnimalTrainer,address=20132VALDOP,age=4393,name=Guillermina
q124,occupation=PharmacyAide,address=20147DEBUSSYC
q125,occupation=PharmacyAide,address=20152VALCAVALLINA,id=208,name=Meosha,age=5095
q126,occupation=TechnicalWorker,address=20133DONEGANIC,name=Valen
q127,occupation=TechnicalWorker,name=Martrel,address=20157CEVAU,age=9906
q128,occupation=AnimalTrainer,age=4393,name=Guillermina
q129,occupation=PharmacyAide,address=20146POGGIBONSI,id=297,name=Kensey,age=8694
q130,occupation=PharmacyAide,address=20121BERETTAA,name=Nash,age=950,id=212
q131,occupation=BillingandPostingClerk,address=20121ROVELLO,name=Janne,age=3135
q132,occupation=AnimalTrainer,name=Deshawna,id=150,age=2554,address=20145ZANDONAIR
q133,occupation=BillingandPostingClerk,address=20151CALANDRAD,id=4,age=3878,name=Dallan
q134,occupation=AirlinePilot,age=9349,name=Lashandra,address=20161FLAVIA,id=10
q135,occupation=AirlinePilot,age=4963,address=20123AUSONIO
q136,occupation=BillingandPostingClerk,name=Oren,id=576
q137,occupation=TechnicalWorker,age=2252
q138,occupation=BillingandPostingClerk,name=Dwon,id=811
q139,occupation=PharmacyAide,age=4102,id=393,address=20151GALLARATE,name=Graceanne
q140,occupation=BillingandPostingClerk
q141,occupation=BillingandPostingClerk,id=445,age=4513,address=20152RISMONDOF
q142,occupation=TechnicalWorker,address=20154ROSMINIA,id=326,age=292
q143,occupation=AirlinePilot,id=724,age=2848,address=20124VOLTURNO,name=Ambr
q144,occupation=PharmacyAide,name=Kayla,id=559
q145,occupation=AirlinePilot,address=20144VOGHERA
q146,occupation=AirlinePilot,address=20131INGEGNOLIF,age=8204
q147,occupation=AnimalTrainer,id=385,age=1601,name=Georganna
q148,occupation=BillingandPostingClerk,name=Rondell
q149,occupation=AnimalTrainer,age=8891,id=489
q150,occupation=BillingandPostingClerk,age=7112,name=Kamica
q151,occupation=AirlinePilot,address=20147CAVALERIL,name=Shekinah
q152,occupation=AirlinePilot,name=Rheanne,id=323
q153,occupation=AirlinePilot,address=20161SANTUARIODELSACROCUORE,name=Bulmaro,age=8275,id=808
q154,occupation=PharmacyAide,address=20144ISCHIA,name=Kayla,age=9734
q155,occupation=AirlinePilot,address=20147CAROZZIG
q156,occupation=BillingandPostingClerk,age=6450,name=Aric,id=444,address=20136BRUNACCIV
q157,occupation=PharmacyAide,age=7235,name=Jamielee,address=20139CASSANODADDA,id=527
q158,occupation=AirlinePilot,address=20135SALLUSTIO,age=4760,id=254,name=Jams
q159,occupation=TechnicalWorker,id=315,address=20124VERACINIFM,name=Jemma
q160,occupation=AnimalTrainer,age=7616,address=20162PESCANTINA,id=52
q161,occupation=TechnicalWorker,address=20157GAZZOLETTIA,age=1399,id=423
q162,occupation=TechnicalWorker,age=2898
q163,occupation=AirlinePilot,age=4684,address=20129REDIF
q164,occupation=BillingandPostingClerk,address=20132ASSAB,age=7179
q165,occupation=BillingandPostingClerk,name=Jarae
q166,occupation=TechnicalWorker,id=129,address=20155GRIGNAMONTE,age=5679,name=Ramell
q167,occupation=AirlinePilot,name=Tashiana
q168,occupation=AirlinePilot,age=6751,id=318
q169,occupation=AnimalTrainer,name=Yulia,age=3307,address=20153TERNI
q170,occupation=PharmacyAide,id=610
q171,occupation=AnimalTrainer,address=20142SCOLOMBANO,id=912,name=Aneshia,age=3553
q172,occupation=TechnicalWorker,address=20100SPIETROINGESSATE,name=Marlys,age=2371,id=792
q173,occupation=AirlinePilot,age=229
q174,occupation=AirlinePilot,name=Joshlyn
q175,occupation=TechnicalWorker,name=Rosaria
q176,occupation=PharmacyAide,name=Katiann,address=20122SCALIMERO
q177,occupation=AirlinePilot,address=20132CASCINAGOBBA,age=55,name=Lekeya
q178,occupation=AirlinePilot,address=20132MONFALCONE,age=1079,id=33,name=Reece
q179,occupation=AnimalTrainer,address=20124FERDINANDODISAVOIADUCADIGENOVA,id=561
q180,occupation=PharmacyAide,id=985,name=Davi,address=20162DEMARTINOE
q181,occupation=BillingandPostingClerk,id=886,address=20128EMPEDOCLE,name=Shahidah
q182,occupation=TechnicalWorker,address=20153MONTEBALDO,id=317
q183,occupation=PharmacyAide,address=20121LAURO,id=937,name=Christopherlee,age=4209
q184,occupation=BillingandPostingClerk,address=20121SOLFERINO,id=260,age=5037,name=Lamonte
q185,occupation=BillingandPostingClerk,name=Shun
q186,occupation=AirlinePilot,id=525,name=Lanisha
q187,occupation=PharmacyAide,name=Petra,age=7214
q188,occupation=AnimalTrainer,id=884,name=Javell
q189,occupation=AnimalTrainer,id=194,age=2257,name=Rina
q190,occupation=BillingandPostingClerk,name=Cheetara,id=759,age=5887,address=20128LINATIC
q191,occupation=AirlinePilot,name=Reece,age=1079
q192,occupation=AirlinePilot,id=887,name=Tashema,age=628
q193,occupation=PharmacyAide,address=20149CHIESAD
q194,occupation=AnimalTrainer,id=991
q195,occupation=PharmacyAide,address=20122REGGIO,id=59
q196,occupation=AirlinePilot,id=887
q197,occupation=PharmacyAide,age=4310
q198,occupation=AnimalTrainer,name=Penina,address=20141PICKMANGIAGALLIR
q199,occupation=PharmacyAide,address=20123MERCANTI,age=6784,name=Halston,id=526
q200,occupation=TechnicalWorker,age=9909,name=Jemma
q201,occupation=PharmacyAide,name=Debi,age=9114,id=701
q202,occupation=BillingandPostingClerk,name=Kathlena
q203,occupation=TechnicalWorker,age=7132,id=458,address=20131MARTINIPadreGB,name=Massiel
q204,occupation=AnimalTrainer,address=20134CANELLI
q205,occupation=BillingandPostingClerk,age=508,address=20121STOMASO,name=Lakeita
q206,occupation=BillingandPostingClerk,name=Mikhael
q207,occupation=AnimalTrainer,id=82,name=Derian,address=20148CIVITALIM,age=1624
q208,occupation=AnimalTrainer,age=920,address=20124RESTELLIF
q209,occupation=AnimalTrainer,id=24,name=Blakely
q210,occupation=AirlinePilot,age=9074,address=20148CIARDIG,id=510
q211,occupation=AnimalTrainer,age=2991,id=757,address=20133SANSOVINOiTattidettoil,name=Kalinda
q212,occupation=AirlinePilot,name=Angelos
q213,occupation=TechnicalWorker,id=204,address=20143AVOGADROG
q214,occupation=AirlinePilot,address=20151PINEROLO
q215,occupation=AirlinePilot,name=Braeden,address=20162DELLAPORTA,age=1781,id=774
q216,occupation=AnimalTrainer,id=342,age=681,name=Prashant,address=20158LUGO
q217,occupation=PharmacyAide,address=20143CIANIFratelli,name=Hector,id=188,age=3623
q218,occupation=AnimalTrainer,address=20123SMARIAVALLE
q219,occupation=TechnicalWorker,age=6446
q220,occupation=AirlinePilot,age=6230,address=20145RIVAVILLASANTAA,id=392
q221,occupation=BillingandPostingClerk,address=20123SMARIAALLAPORTA,id=102,name=Shirah,age=8227
q222,occupation=AirlinePilot,id=431,address=20125FILIPPIF
q223,occupation=AnimalTrainer
q224,occupation=TechnicalWorker,id=286,name=Nguyet
q225,occupation=TechnicalWorker,address=20153DOMASO
q226,occupation=PharmacyAide,address=20124VESPUCCIA,id=591,age=5594
q227,occupation=BillingandPostingClerk,age=4116
q228,occupation=PharmacyAide,name=Aden,id=112,age=6098
q229,occupation=PharmacyAide,age=966,address=20148FINALELIGURE
q230,occupation=AnimalTrainer,name=Farzana,address=20151CATULLO,id=367,age=3387
q231,occupation=AirlinePilot,id=619,name=Hadiya
q232,occupation=BillingandPostingClerk,name=Maxime,age=2032
q233,occupation=PharmacyAide,age=2961,id=114,name=Jovon,address=20100SCAMILLODELELLI5
q234,occupation=TechnicalWorker,address=20135REZZONICOF,name=Melysa,age=609
q235,occupation=AnimalTrainer,name=Ursula,address=20156NANSENFRIDTJOF,age=4960
q236,occupation=BillingandPostingClerk,age=7675,address=20154POLIZIANOAAmbroginidettoIl,id=284,name=Johni
q237,occupation=AnimalTrainer,age=1522,address=20123OLIVETANI,id=88,name=Nara
q238,occupation=AnimalTrainer,name=Aamanda,address=20121MONTEDIPIETA
q239,occupation=PharmacyAide,age=9990,id=80,address=20123LUPETTA,name=Keelan
q240,occupation=TechnicalWorker,name=Romualdo,id=708,address=20135CLUSONE,age=9857
q241,occupation=AirlinePilot,id=581
q242,occupation=BillingandPostingClerk,age=6693
q243,occupation=TechnicalWorker,age=9696
q244,occupation=BillingandPostingClerk,id=781,address=20149POZZIA,name=Ashford
q245,occupation=BillingandPostingClerk,id=260
q246,occupation=BillingandPostingClerk,address=20161SESTINIB,name=Lazaro
q247,occupation=TechnicalWorker,age=2001,id=755,name=Tzipora
q248,occupation=PharmacyAide,age=7755,name=Alden
q249,occupation=AnimalTrainer,id=244
q250,occupation=PharmacyAide,id=744,name=Terasa,age=9761,address=20161CICCOTTIE
q251,occupation=BillingandPostingClerk,age=9562,id=597,address=20135SVETONIO
q252,occupation=TechnicalWorker,id=332,age=1568,address=20133CAMPANIA
q253,occupation=AirlinePilot,id=648,name=Marek
q254,occupation=PharmacyAide,age=2247,name=Artrice
q255,occupation=BillingandPostingClerk,age=6551
q256,occupation=PharmacyAide,id=652,age=5213
q257,occupation=TechnicalWorker,age=2058,id=185,address=20125DEMARCHIE,name=Joette
q258,occupation=BillingandPostingClerk,id=432
q259,occupation=AnimalTrainer,address=20123CARADOSSOFoppaAmbrogiodetto
q260,occupation=BillingandPostingClerk,id=993
q261,occupation=BillingandPostingClerk,name=Jeanelle,id=78,age=4372
q262,occupation=PharmacyAide
q263,occupation=BillingandPostingClerk,id=191,address=20124SETTEMBRINIL,age=1597
q264,occupation=PharmacyAide,id=604,name=Alandis,age=6576,address=20135DOSSIA
q265,occupation=AnimalTrainer,name=Tiffney,address=20128TOGLIATTIP,id=16
q266,occupation=TechnicalWorker,age=6853,address=20152KOCHR,name=Rosaria
q267,occupation=TechnicalWorker
q268,occupation=BillingandPostingClerk,address=20148VODICE,age=3760
q269,occupation=TechnicalWorker
q270,occupation=AnimalTrainer,name=Calais,age=6217,id=94,address=20123GORANI
q271,occupation=AnimalTrainer,age=1031
q272,occupation=AnimalTrainer,name=Claudy,id=795,age=9238,address=20122FONTANA
q273,occupation=AirlinePilot,id=89,age=6713
q274,occupation=PharmacyAide,id=400,name=Daniella,address=20139BRIZIE
q275,occupation=AirlinePilot,age=7534,address=20126SOFFREDINIA
q276,occupation=TechnicalWorker,name=Claudell,age=1660
q277,occupation=PharmacyAide,id=461,address=20151ZIEGLER,age=2703,name=Aaren
q278,occupation=TechnicalWorker,address=20121RADEGONDA,name=Lamara,age=6643
q279,occupation=TechnicalWorker,age=1650,address=20122EUROPA,name=Georganna
q280,occupation=PharmacyAide,id=8,name=Donisha,address=20129RISORGIMENTO
q281,occupation=BillingandPostingClerk
q282,occupation=TechnicalWorker,id=641,age=3742,name=Sherita,address=20131VILLANIGdaFirenze
q283,occupation=PharmacyAide
q284,occupation=AirlinePilot,id=908
q285,occupation=BillingandPostingClerk,name=Kasandra,age=5376
q286,occupation=BillingandPostingClerk,name=Edwyn,id=30,address=20136VIGNOLABarozziJ,age=5168
q287,occupation=PharmacyAide,id=968,name=Shunita,age=2417,address=20123ALESSIG
q288,occupation=TechnicalWorker,address=20146BIANCOSPINI
q289,occupation=AirlinePilot,age=4673,id=160,name=Shoshannah
q290,occupation=AnimalTrainer,id=776,name=Lamarr
q291,occupation=TechnicalWorker,age=5320,id=215,address=20121GESU,name=Jamiee
q292,occupation=AirlinePilot,id=779,name=Biana
q293,occupation=AirlinePilot
q294,occupation=TechnicalWorker,name=Norelle,age=1410,id=167
q295,occupation=AnimalTrainer,name=Tahesha,id=800,address=20123SAFFIA,age=6843
q296,occupation=PharmacyAide,address=20151VALERAP
q297,occupation=PharmacyAide,address=20132SMARIAROSSA,age=8706,name=Jssica,id=454
q298,occupation=TechnicalWorker,age=674,address=20149ALBERTILB
q299,occupation=BillingandPostingClerk,address=20146WASHINGTONG,id=373,name=Charonda
q300,occupation=BillingandPostingClerk,address=20137CADOLINIG
q301,occupation=TechnicalWorker,age=9694,name=Mariann
q302,occupation=PharmacyAide,id=316,name=Theodor,address=20137PONTELAMBRO,age=684
q303,occupation=PharmacyAide,id=495,address=20158BRUNIL
q304,occupation=AirlinePilot,age=6961,id=519
q305,occupation=TechnicalWorker,address=20151FETONTE,id=222,age=7723,name=Burgandy
q306,occupation=AirlinePilot,age=5107,name=Carrell
q307,occupation=BillingandPostingClerk,address=20131ASPROMONTE,id=582,age=5307
q308,occupation=AirlinePilot,name=Tichelle,id=318,age=6751
q309,occupation=TechnicalWorker,age=3284,name=Julianna
q310,occupation=BillingandPostingClerk,address=20123ASOLE,id=566,name=Ranjit,age=123
q311,occupation=AirlinePilot,address=20151TESIOF
q312,occupation=BillingandPostingClerk,id=449,age=6930
q313,occupation=AirlinePilot,name=Carrell,id=810,address=20144DEALESSANDRIG,age=5107
q314,occupation=PharmacyAide,id=669
q315,occupation=AnimalTrainer,id=32
q316,occupation=AnimalTrainer,age=4240,address=20139GARDONE,name=Hao
q317,occupation=AirlinePilot,address=20121MILTONG
q318,occupation=AirlinePilot,id=748,name=Karlee,address=20129FARNETIR,age=7465
q319,occupation=AnimalTrainer,age=8891,name=Erez
q320,occupation=TechnicalWorker,name=Jobeth,address=20121BELOTTIB,id=899,age=1031
q321,occupation=TechnicalWorker,name=Quartez,id=654,address=20121BEAUHARNAISE
q322,occupation=AirlinePilot,name=Francelia,id=742,age=3838
q323,occupation=AnimalTrainer,name=Tawnee
q324,occupation=BillingandPostingClerk,id=585,age=5094,address=20146PRIMULE,name=Elizet
q325,occupation=PharmacyAide,address=20144VALPARAISO,age=4066,name=Kaleah
q326,occupation=AnimalTrainer,address=20136SARFATTIR,id=734
q327,occupation=PharmacyAide,id=553,name=Mikkel
q328,occupation=PharmacyAide,id=767,age=7090
q329,occupation=TechnicalWorker,id=409,age=6679,name=Israel
q330,occupation=AnimalTrainer,address=20136SARFATTIR,age=9216,id=734
q331,occupation=BillingandPostingClerk,name=Latona,age=7859,address=20148LERICI,id=151
q332,occupation=PharmacyAide,age=3233,address=20149CHIESAD,name=Leo
q333,occupation=BillingandPostingClerk,address=20158COLLEGNOG,age=9001
q334,occupation=BillingandPostingClerk,name=Manisha,age=540,id=819,address=20127MARCOAURELIOdettoIlFilosofo
q335,occupation=TechnicalWorker,id=215,age=5320,name=Jamiee
q336,occupation=BillingandPostingClerk,id=828,address=20139ORTLES,age=4779,name=Jamilia
q337,occupation=PharmacyAide,name=Keyetta
q338,occupation=AirlinePilot
q339,occupation=AnimalTrainer,age=6807,id=262
q340,occupation=PharmacyAide,age=3244,name=Kamee,id=38,address=20134VALCAFFARO
q341,occupation=AnimalTrainer,age=1571,name=Hollee
q342,occupation=PharmacyAide,age=2924,address=20139OSIMOA,id=14,name=Rayne
q343,occupation=BillingandPostingClerk,id=950
q344,occupation=AnimalTrainer,age=5920,name=Dollie,id=287
q345,occupation=AnimalTrainer,name=Lazarus,age=7841,id=735,address=20162SMINIATO
q346,occupation=AnimalTrainer,id=82,address=20148CIVITALIM
q347,occupation=AnimalTrainer
q348,occupation=BillingandPostingClerk,id=996
q349,occupation=AnimalTrainer,address=20124ABBADESSE
q350,occupation=AirlinePilot,age=443,name=Ambera
q351,occupation=AnimalTrainer,name=Sampson,address=20152KOCHR,id=997
q352,occupation=BillingandPostingClerk,id=386,name=July,age=5369
q353,occupation=PharmacyAide,id=720
q354,occupation=BillingandPostingClerk,address=20161SCHERILLOM,id=630
q355,occupation=AirlinePilot,id=694,age=193
q356,occupation=TechnicalWorker,name=Daneen,address=20153DOMASO,age=5185
q357,occupation=PharmacyAide
q358,occupation=AnimalTrainer,name=Belinda
q359,occupation=PharmacyAide,name=Burak,address=20122BATTISTIC,age=6032,id=560
q360,occupation=AirlinePilot,age=4673,id=160,address=20154LAZZATIA,name=Shoshannah
q361,occupation=TechnicalWorker,id=174
q362,occupation=AirlinePilot
q363,occupation=AnimalTrainer,id=257,address=20148MIGLIARAG,age=6776,name=Nikitta
q364,occupation=PharmacyAide,address=20148GAVIRATE,age=5596
q365,occupation=AirlinePilot,name=Lewis
q366,occupation=AirlinePilot,address=20123ASOLE,name=Artrice,id=715,age=6271
q367,occupation=TechnicalWorker,id=521,age=609
q368,occupation=AnimalTrainer,address=20126DIFIRMIANC,id=859
q369,occupation=AnimalTrainer,address=20141PICKMANGIAGALLIR,name=Penina
q370,occupation=AirlinePilot,address=20158BROGLIOE,name=Lorina,id=171,age=7635
q371,occupation=PharmacyAide,name=Mikkel,id=553,age=216,address=20149MARIOALBERTO
q372,occupation=TechnicalWorker,name=Aarn,address=20162SANTHIA,id=135
q373,occupation=PharmacyAide,name=Kirbie,address=20135BEZZECCA
q374,occupation=AnimalTrainer,age=4816,id=695,name=Aniela
q375,occupation=PharmacyAide,name=Keyetta,age=9431
q376,occupation=AirlinePilot,age=3148,id=813,name=Apphia
q377,occupation=PharmacyAide,name=Aldo,id=652,age=5213,address=20136TABACCHIO
q378,occupation=BillingandPostingClerk,name=Simi,age=504,address=20123DOGANA,id=552
q379,occupation=PharmacyAide,address=20146POGGIBONSI,age=8694
q380,occupation=AnimalTrainer,age=2466,id=226
q381,occupation=AirlinePilot,address=20142MONCUCCO,age=3118,name=Lewis,id=420
q382,occupation=PharmacyAide,name=Basim
q383,occupation=BillingandPostingClerk,address=20127MARCOAURELIOdettoIlFilosofo,age=540,id=819
q384,occupation=BillingandPostingClerk,age=7263,name=Oren
q385,occupation=PharmacyAide,address=20142TERAMO,name=Tynika
q386,occupation=AnimalTrainer,address=20126BREDAE,id=221,name=Kee,age=1818
q387,occupation=TechnicalWorker,address=20139LACAITAGF,name=Denon,age=7163,id=753
q388,occupation=TechnicalWorker,id=512,age=3881,name=Omar
q389,occupation=BillingandPostingClerk,name=Arionne
q390,occupation=AnimalTrainer,address=20126DIFIRMIANC
q391,occupation=BillingandPostingClerk,name=Shareema
q392,occupation=PharmacyAide,age=8714,address=20123MARCODOGGIONO,name=Mirlande
q393,occupation=BillingandPostingClerk,age=5128,id=504,address=20152BRIGATTIE
q394,occupation=TechnicalWorker,address=20128SOMAREE,id=844,age=585
q395,occupation=AirlinePilot,name=Dorene,address=20127CAGLIARI,id=265
q396,occupation=PharmacyAide,name=Jackqueline,age=2105
q397,occupation=AnimalTrainer,age=2554,id=150
q398,occupation=AirlinePilot,name=Damesha
q399,occupation=PharmacyAide,age=6794
q400,occupation=BillingandPostingClerk,age=8227,name=Shirah,address=20123SMARIAALLAPORTA
q401,occupation=TechnicalWorker,age=5952
q402,occupation=BillingandPostingClerk,id=849,name=Shata,age=4854
q403,occupation=TechnicalWorker,address=20121FATEBENEFRATELLI,id=113
q404,occupation=AirlinePilot,name=Osiel,id=694,age=193
q405,occupation=AnimalTrainer,name=Wanda,age=4297,id=28
q406,occupation=AirlinePilot,id=390
q407,occupation=BillingandPostingClerk,id=294,age=4093
q408,occupation=TechnicalWorker,age=5698
q409,occupation=TechnicalWorker,name=Victorio,id=347
q410,occupation=AnimalTrainer,id=130,name=Sakia,address=20133GRIFFINIEA
q411,occupation=PharmacyAide,name=Jamen,age=8250,address=20121GREPPIA
q412,occupation=PharmacyAide,id=790,age=5161,name=Girard
q413,occupation=PharmacyAide,address=20161ARMELLINIC
q414,occupation=AnimalTrainer,age=5315
q415,occupation=PharmacyAide,address=20151VISCONTIA,id=667,name=Danyelle
q416,occupation=AnimalTrainer,address=20148VESIO,name=Tiwana,age=2528,id=992
q417,occupation=BillingandPostingClerk,name=Renesha
q418,occupation=BillingandPostingClerk,address=20132RICCARDIPadreP
q419,occupation=PharmacyAide,name=Desa,age=9376,address=20157GRAFA
q420,occupation=BillingandPostingClerk,age=5663
q421,occupation=BillingandPostingClerk,address=20152CRETA,name=Valecia,id=650,age=5905
q422,occupation=PharmacyAide,age=2431
q423,occupation=AnimalTrainer,age=8444,address=20123PORLEZZA
q424,occupation=TechnicalWorker,name=Hailee,address=20161SCULAPIO,id=782
q425,occupation=TechnicalWorker,address=20145COMERIOL,id=307,name=Shawanda,age=8584
q426,occupation=PharmacyAide,name=Kaneesha,age=3294,id=662,address=20161LENINGRADO
q427,occupation=TechnicalWorker,id=369
q428,occupation=AirlinePilot,address=20123SGIORGIO,age=4330
q429,occupation=BillingandPostingClerk,id=205,address=20152LARICI
q430,occupation=TechnicalWorker,age=3742,address=20131VILLANIGdaFirenze,id=641,name=Sherita
q431,occupation=TechnicalWorker,name=Ananda,address=20133MURANIO
q432,occupation=BillingandPostingClerk,address=20126EMANUELIL,id=576
q433,occupation=TechnicalWorker,name=Vonda,address=20121MANZONI
q434,occupation=AirlinePilot,id=372,address=20122LITTAP,name=Marilu
q435,occupation=AnimalTrainer,address=20121PUSKINA
q436,occupation=AirlinePilot,id=596
q437,occupation=AirlinePilot,name=Delio,id=434,address=20122SDAMIANO,age=7968
q438,occupation=TechnicalWorker,name=Quartez,id=654,address=20121BEAUHARNAISE,age=7249
q439,occupation=TechnicalWorker,id=412,address=20124PIERLUIGIDAPALESTRINA,name=Veonica,age=6555
q440,occupation=PharmacyAide,age=5585,id=389
q441,occupation=AnimalTrainer,address=20129CERADINIG
q442,occupation=BillingandPostingClerk
q443,occupation=BillingandPostingClerk
q444,occupation=BillingandPostingClerk
q445,occupation=TechnicalWorker,age=7789,id=967,name=Arlando
q446,occupation=PharmacyAide,age=4404,address=20158PRAMPOLINIC,name=Crysti
q447,occupation=AnimalTrainer,name=Lyda,id=138
q448,occupation=AnimalTrainer,name=Rina,id=194,address=20147VIOLE
q449,occupation=AirlinePilot,id=803,name=Landa
q450,occupation=PharmacyAide,name=Savina,address=20123NERINO,id=719,age=8010
q451,occupation=PharmacyAide,age=2924
q452,occupation=AnimalTrainer,id=939
q453,occupation=PharmacyAide,age=8694
q454,occupation=AnimalTrainer,address=20159CRESPIB,id=107,age=1378,name=Tomisha
q455,occupation=TechnicalWorker,age=7339,id=13,address=20155TAVAZZANO
q456,occupation=TechnicalWorker,age=2597,address=20155ERCOLANO,id=840
q457,occupation=AnimalTrainer,age=2677,name=Kierra
q458,occupation=BillingandPostingClerk,name=Cheetara,id=759
q459,occupation=AirlinePilot,name=Thoeun,age=9921,id=206
q460,occupation=TechnicalWorker,name=Kekoa,address=20158BACULAA
q461,occupation=AirlinePilot,age=9172,address=20122PORTAVITTORIA,id=277
q462,occupation=AirlinePilot,address=20139CORVETTOLE,age=4216,id=771
q463,occupation=BillingandPostingClerk,address=20123AMEDEI,age=7112,name=Kamica,id=55
q464,occupation=AirlinePilot,age=4684,id=858,address=20129REDIF,name=Adem
q465,occupation=BillingandPostingClerk
q466,occupation=AnimalTrainer,address=20153SEGURO
q467,occupation=BillingandPostingClerk,age=2016,id=838,address=20128DEMOSTENE
q468,occupation=TechnicalWorker,age=4152,id=440
q469,occupation=BillingandPostingClerk,name=Rondell,id=264,address=20136TITOLUCREZIOCARO,age=3560
q470,occupation=TechnicalWorker,name=Lisandro,id=911
q471,occupation=TechnicalWorker,name=Ananda
q472,occupation=AnimalTrainer,id=486,address=20137CADIBONA
q473,occupation=PharmacyAide,id=219
q474,occupation=PharmacyAide,address=20122SFRANCESCODASSISI,age=8370
q475,occupation=PharmacyAide,age=2723,id=67,address=20136BORROMINIF
q476,occupation=PharmacyAide,id=935,age=7890
q477,occupation=AirlinePilot,address=20145LUCADELLAROBBIA,id=356,age=6750
q478,occupation=BillingandPostingClerk
q479,occupation=AirlinePilot,name=Carrell
q480,occupation=AnimalTrainer,name=Etta,address=20143TOSIA,id=862
q481,occupation=AnimalTrainer,name=Antwyne
q482,occupation=AnimalTrainer,address=20127SAULISANTALESSANDRO,name=Lehi,id=292
q483,occupation=TechnicalWorker,age=2900,name=Dangela,address=20147GIACINTI
q484,occupation=PharmacyAide,name=Jeremian,id=343
q485,occupation=TechnicalWorker,name=Malin
q486,occupation=AirlinePilot,age=2295,id=193,name=Jemal,address=20121MILTONG
q487,occupation=TechnicalWorker,address=20152CIVIDALEDELFRIULI,id=687,age=976,name=Kenita
q488,occupation=AirlinePilot,address=20124SGIOVANNIALLAPAGLIA,name=Mali
q489,occupation=AirlinePilot,id=338,age=9982,name=Jamin,address=20137SALGARIE
q490,occupation=AirlinePilot,age=676,id=940
q491,occupation=BillingandPostingClerk,age=1076,name=Brittini
q492,occupation=TechnicalWorker,id=877
q493,occupation=TechnicalWorker,name=Tynishia
q494,occupation=PharmacyAide,age=5470,id=219,name=Danette
q495,occupation=BillingandPostingClerk,address=20122FONTANA
q496,occupation=AnimalTrainer,name=Roya
q497,occupation=TechnicalWorker,address=20141FEDRO,id=290
q498,occupation=TechnicalWorker,age=3255,name=Jerami
q499,occupation=AirlinePilot,age=7095
q500,occupation=BillingandPostingClerk,id=837
