q1,occupation=CameraandPhotographicEquipmentRepairer,age=26,name=Carissia,id=45,address=20155BRAMANTINOSardiBartolomeoDetto
q2,occupation=NaturalSciencesManager,age=63,name=Rayshon,address=20125EDOLO
q3,occupation=ChiefExecutive,id=29
q4,occupation=ChiefExecutive,age=75
q5,occupation=ChiefExecutive,address=20142GIOVANOLAA,age=50,name=Rayshon
q6,occupation=CameraandPhotographicEquipmentRepairer,address=20123BORELLAG,id=4
q7,occupation=ChiefExecutive,address=20142GIOVANOLAA
q8,occupation=CameraandPhotographicEquipmentRepairer,age=14,address=20149CARLOMAGNO,id=30
q9,occupation=Bu,name=Garan,address=20149CARLOMAGNO,age=51
q10,occupation=NaturalSciencesManager,id=60,name=Jamielynn,address=20138TOSCOLANO,age=65
q11,occupation=NaturalSciencesManager,name=Aureliano,id=48
q12,occupation=Bu,address=20156TRIBONIANO,age=2,id=86
q13,occupation=ChiefExecutive,id=97,address=20153ARCANGELIP,name=Jenia
q14,occupation=RecreationalTherapist,id=17,name=Olga
q15,occupation=Bu,id=43,address=20157STEPHENSONG
q16,occupation=NaturalSciencesManager,age=11,address=20123VETRA
q17,occupation=NaturalSciencesManager,name=Aureliano
q18,occupation=NaturalSciencesManager,name=Aureliano,id=32
q19,occupation=NaturalSciencesManager,address=20144MONTECATINI,age=83
q20,occupation=Bu,address=20142CALZOLARI,age=18,name=Jackeline
q21,occupation=CameraandPhotographicEquipmentRepairer
q22,occupation=Bu
q23,occupation=ChiefExecutive,age=75
q24,occupation=RecreationalTherapist,age=74,address=20139BESSARIONE
q25,occupation=CameraandPhotographicEquipmentRepairer,age=81,address=20129OZANAMFA
q26,occupation=CameraandPhotographicEquipmentRepairer,id=9
q27,occupation=Bu,id=74,name=Wynetta,age=93
q28,occupation=ChiefExecutive,name=Jenia
q29,occupation=CameraandPhotographicEquipmentRepairer,id=16
q30,occupation=ChiefExecutive,id=52
q31,occupation=NaturalSciencesManager,id=88,name=Saisha,age=98,address=20159LONGONIE
q32,occupation=RecreationalTherapist,address=20125ABBAZIA,name=Jeri,id=70
q33,occupation=ChiefExecutive,address=20153TADDEI5,name=Tejal
q34,occupation=NaturalSciencesManager,address=20123BORELLAG,name=Venise,id=55
q35,occupation=NaturalSciencesManager,age=10
q36,occupation=ChiefExecutive,name=Jeremiah
q37,occupation=ChiefExecutive,name=Olga
q38,occupation=RecreationalTherapist,name=Jiselle,address=20153ARCANGELIP
q39,occupation=ChiefExecutive,address=20153TADDEI5,id=56
q40,occupation=CameraandPhotographicEquipmentRepairer,address=20151CAPORIZZUTO,name=Harmon
q41,occupation=ChiefExecutive,name=Harmon,age=55,id=29
q42,occupation=NaturalSciencesManager,age=98,name=Saisha,id=88,address=20159LONGONIE
q43,occupation=RecreationalTherapist,name=Taquana
q44,occupation=NaturalSciencesManager,age=61,id=73
q45,occupation=ChiefExecutive,id=52
q46,occupation=CameraandPhotographicEquipmentRepairer,id=68,address=20141COMISSOG,age=81,name=Arren
q47,occupation=Bu,age=61,id=76
q48,occupation=CameraandPhotographicEquipmentRepairer,id=47,address=20158MAFFUCCIA
q49,occupation=ChiefExecutive
q50,occupation=Bu,name=Saisha,id=72,age=50,address=20131LIPPIF
