q1,name=Shalisha,id=42,occupation=student,address=20134 CIMA C. E O. (Via)
q2,occupation=student,address=20124 MARCO POLO (Via),name=Derryl,age=23,id=35
q3,address=20148 SORANZO (Via dei)
q4,name=Quin,occupation=other,age=41
q5,address=20128 AMALFI (Via),age=24,name=Tanja,id=13,occupation=other
q6,id=40,occupation=student,address=20125 XIMENES E. (Via),name=Candice,age=23
q7,occupation=professor,name=Talmage
q8,address=20125 XIMENES E. (Via),name=Candice
q9,occupation=student
q10,occupation=researcher,id=24,address=20153 SILLA LUCIO CORNELIO (Via)
q11,name=Debralee,occupation=professor
q12,name=Debralee
q13,name=Debralee
q14,name=Debralee,occupation=professor
q15,name=Debralee
q16,name=Debralee,occupation=professor
q17,name=Debralee
q18,name=Debralee
q19,name=Debralee
q20,name=Debralee
q21,occupation=professor
q22,occupation=professor
q23,occupation=professor
q24,occupation=professor
q25,occupation=professor
q26,occupation=professor
q27,occupation=professor
q28,occupation=professor
q29,occupation=professor
q30,occupation=professor
q31,occupation=professor
q32,occupation=professor
q33,occupation=professor
q34,occupation=professor
q35,occupation=professor
q36,name=Arisa
q37,name=Arisa
q38,name=Arisa,occupation=researcher
q39,name=Arisa
q40,name=Arisa
q41,occupation=researcher
q42,occupation=researcher
q43,occupation=researcher
q44,occupation=researcher
q45,occupation=researcher
q46,occupation=researcher
q47,occupation=researcher
q48,occupation=researcher
q49,occupation=researcher
q50,occupation=researcher
q51,occupation=student
q52,occupation=student
q53,occupation=other
q54,occupation=other
q55,occupation=other
q56,name=Royce,occupation=professor
q57,name=Royce,occupation=professor
q58,name=Royce,occupation=professor
q59,name=Royce
q60,name=Royce
q61,name=Royce
q62,name=Royce
q63,name=Royce
q64,name=Telina
q65,name=Telina,occupation=student
q66,name=Telina,occupation=student
q67,name=Telina
q68,name=Telina
q69,name=Rakia
q70,name=Rakia,occupation=student
q71,name=Rakia
q72,name=Rakia
q73,name=Rakia
q74,name=Derryl
q75,name=Derryl,occupation=professor
q76,name=Derryl
q77,name=Derryl,occupation=professor
q78,name=Derryl,occupation=professor
q79,name=Will
q80,name=Will
q81,name=Will
q82,name=Will,occupation=professor
q83,name=Will,occupation=professor
q84,name=Talmage,occupation=professor
q85,name=Talmage
q86,name=Talmage,occupation=professor
q87,name=Talmage
q88,name=Talmage,occupation=professor
