id,name,address,age,occupation
0,Jazmon,20124 GALILEI G. (Via),31,Motorcycle Mechanic
1,Cieara,20124 VITTORIO VENETO (Viale),19,Motorcycle Mechanic
2,Sundeep,20147 ANNONI L. (Via),43,Motorcycle Mechanic
3,Cassiopeia,20125 SCHIAPARELLI G. (Via),59,Electrical Engineer
4,Sheretta,20146 STELLINE (Via delle),37,Motorcycle Mechanic
5,Blas,20145 SEMPIONE (Corso),30,Electrical Engineer
6,Chaniqua,20161 PARCO AFFORI,23,Electrical Engineer
7,Nikesha,20151 VISCONTI A. (Via),48,Electrical Engineer
8,Va,20122 CALDARA E. (Viale),69,Motorcycle Mechanic
9,Adine,20139 COMACCHIO (Via),25,Motorcycle Mechanic
10,Margaretta,20123 SOMMARUGA G (Via),47,Motorcycle Mechanic
11,Lindsee,20142 NUVOLARI T. (Largo),51,Electrical Engineer
12,Aurelia,20123 BARELLAI G. (Via),69,Electrical Engineer
13,Adine,20137 CIPRO (Via),19,Motorcycle Mechanic
14,Jahira,20141 AGILULFO (Via),42,Electrical Engineer
15,Dayn,20129 OBERDAN G. (Piazza),53,Electrical Engineer
16,Rhiana,20154 MONTELLO (Viale),62,Motorcycle Mechanic
17,Myriam,20132 DELLA VALLE P. (Via),32,Motorcycle Mechanic
18,Larsen,20146 CARRIERA R. (Via privata),26,Motorcycle Mechanic
19,Cieara,20127 PERTICARI G. (Via),29,Electrical Engineer
20,Bradley,20155 GRIGNA MONTE (Via),44,Motorcycle Mechanic
21,Ohn,20142 RENZO E LUCIA (Via),59,Electrical Engineer
22,Anand,20134 RONCHI (Via),44,Motorcycle Mechanic
23,Delontae,20155 ALBENZA (Via),39,Electrical Engineer
24,Tiphani,20132 FLUMENDOSA (Via pnvata),17,Motorcycle Mechanic
25,Bradley,20162 CINO DA PISTOIA (Via),56,Motorcycle Mechanic
26,Laci,20125 DIODORO SICULO (Via),30,Electrical Engineer
27,Danyle,20141 GIOVANNI DA CERMENATE (Viale),90,Electrical Engineer
28,Askia,20133 SECONDO SU. (Via),16,Electrical Engineer
29,Antero,20124 ABBADESSE (Via),25,Electrical Engineer
30,Bolivar,20162 CINO DA PISTOIA (Via),32,Electrical Engineer
31,Bennie,20129 MARIA ADELAIDE DI SAVOIA (Piazza),50,Motorcycle Mechanic
32,Fenton,20125 NICOLA D'APULIA (Via),39,Motorcycle Mechanic
33,Bolivar,20123 PORLEZZA (Via),29,Electrical Engineer
34,Blas,20134 CASASCO (Via),35,Motorcycle Mechanic
35,Sundeep,20162 CA' GRANDA (Viale),34,Electrical Engineer
36,Cieara,20121 BORGONUOVO (Via),58,Motorcycle Mechanic
37,Askia,20147 PISA UGO (Via),31,Motorcycle Mechanic
38,Yasmin,20142 VALPOLICELLA (Via),38,Motorcycle Mechanic
39,Delontae,20147 ANNONI L. (Via),45,Electrical Engineer
40,Dal,20161 SALVEMINI G. (Via),43,Electrical Engineer
41,Lakeia,20123 SOMMARUGA G (Via),32,Electrical Engineer
42,Dayn,20142 BALLERINI P. A. (Via),62,Motorcycle Mechanic
43,Sundeep,20137 CIPRO (Via),30,Electrical Engineer
44,Dmitri,20125 DIODORO SICULO (Via),18,Electrical Engineer
45,Danyle,20152 IFACCIOLI C. (Via),31,Electrical Engineer
46,Matthan,20123 HUGO V. (Via),34,Electrical Engineer
47,Marinda,20154 TAZZOLI E. (Via),80,Electrical Engineer
48,Linton,20136 RONTGEN G. (Via),25,Motorcycle Mechanic
49,Sheretta,20123 BUTTINONE B. (Via),38,Electrical Engineer
50,Melida,20142 VALPOLICELLA (Via),34,Motorcycle Mechanic
51,Matthan,20125 FAVA A. (Via),38,Motorcycle Mechanic
52,Kamela,20161 SALVEMINI G. (Via),44,Electrical Engineer
53,Lamonica,20121 RACINE G. (Viale),48,Electrical Engineer
54,Riki,20144 AQUILEIA (Piazzale),98,Motorcycle Mechanic
55,Va,20123 S. VITTORE (Via e Piazza),26,Motorcycle Mechanic
56,Marinda,20142 ARCADIA (Via dell'),19,Motorcycle Mechanic
57,Lavada,20133 PELLIZZONE A. (Via privata),16,Motorcycle Mechanic
58,Athanasios,20125 NICOLA D'APULIA (Via),90,Motorcycle Mechanic
59,Myriam,20138 PARMA (Via),47,Motorcycle Mechanic
60,Andrews,20137 PONTE LAMBRO (Località),16,Motorcycle Mechanic
61,Danyle,20158 SUBIACO (Via privata),22,Electrical Engineer
62,Lakeia,20142 NUVOLARI T. (Largo),57,Electrical Engineer
63,Dayn,20138 MONTESSORI M. (Via),51,Motorcycle Mechanic
64,Ohn,20155 SONNINO 5. (Via),37,Electrical Engineer
65,Yoko,20144 NOVI (Via),26,Motorcycle Mechanic
66,Delontae,20151 VISCONTI A. (Via),54,Electrical Engineer
67,Bruno,20134 RIMEMBRANZE DI LAMBRATE (Viale delle),56,Motorcycle Mechanic
68,Jazmon,20123 BARELLAI G. (Via),29,Electrical Engineer
69,Shunda,20127 PICCOLI MARTIRI (Piazza dei),33,Electrical Engineer
70,Lucy,20129 MARIA ADELAIDE DI SAVOIA (Piazza),37,Electrical Engineer
71,Linton,20136 CASTIGLIONI L. (Via),22,Electrical Engineer
72,Paden,20135 LIBIA (Piazzale),17,Electrical Engineer
73,Fenton,20137 CIPRO (Via),54,Motorcycle Mechanic
74,Fenton,20143 SANTANDER (Via),54,Motorcycle Mechanic
75,Shervin,20148 UCCELLO P. Di Dono detto (Via),41,Motorcycle Mechanic
76,Rodrick,20122 SAVARE M. E G. (Via),18,Electrical Engineer
77,Cari,20148 ALGARDI A. (Via),20,Motorcycle Mechanic
78,Agnieszka,20139 FERRARA (Piazzale),93,Electrical Engineer
79,Sulema,20129 RISTORI A. (Via),48,Motorcycle Mechanic
80,Yoko,20156 ROSA S. (Via),21,Motorcycle Mechanic
81,Myriam,20139 OROBIA (Via),95,Motorcycle Mechanic
82,Rhondalyn,20121 S. DALMAZIO (Via),19,Motorcycle Mechanic
83,Lyonel,20151 CEFALU'(Via privata),35,Electrical Engineer
84,Agnieszka,20129 SIRTORI G. (Via),32,Motorcycle Mechanic
85,Cassiopeia,20145 PIERMARINI G. F. (Via),33,Electrical Engineer
86,Legrande,20161 TACCIOLI G. (Via),27,Motorcycle Mechanic
87,Brannigan,20125 CASTELLINI G. (Via),94,Motorcycle Mechanic
88,Arik,20141 COMISSO G. (Via),61,Motorcycle Mechanic
89,Ohn,20158 CIAIAI. (Via),19,Electrical Engineer
90,Trenda,20142 BOIFAVA P. (Via),40,Electrical Engineer
91,Lakeia,20137 PONTE LAMBRO (Località),19,Motorcycle Mechanic
92,Anand,20147 PISA UGO (Via),45,Motorcycle Mechanic
93,Candies,20138 TOSCOLANO (Via),39,Electrical Engineer
94,Bailee,20124 ADDA (Via),34,Motorcycle Mechanic
95,Antero,20155 ACCURSIO F. (Piazzale),27,Motorcycle Mechanic
96,Dmitri,20144 BAZZI G A. (Piazza),56,Motorcycle Mechanic
97,Myriam,20128 RANZATO V. (Via),55,Motorcycle Mechanic
98,Kamela,20151 VISCONTI A. (Via),94,Motorcycle Mechanic
99,Derrelle,20123 FIENO (Via),29,Motorcycle Mechanic
